NAME,NFTGD_NB,FTGD_NB,SUBSUMED,NEW_FTGD_NB,NEW_NFTGD_NB,NEW_OUTPUT_SIZE,OUTPUT_SIZE,NEW_RTGD_BSK,BODY_SK_ATOMS_MAX,EVOL_COUNT,EVOL_TIME,SUMB_TIME,TIME
00001,2206,9466,40466,1929,47877,309,9775,N/A,N/A,N/A,N/A,4296,TIMEOUT
00002,N/A,N/A,N/A,N/A,N/A,N/A,N/A,N/A,N/A,N/A,N/A,4296,ERROR
00003,N/A,N/A,N/A,N/A,N/A,N/A,N/A,N/A,N/A,N/A,N/A,4296,ERROR
00004,N/A,N/A,N/A,N/A,N/A,N/A,N/A,N/A,N/A,N/A,N/A,4296,ERROR
00005,N/A,N/A,N/A,N/A,N/A,N/A,N/A,N/A,N/A,N/A,N/A,4296,ERROR
00006,5027,639,0,0,2,0,639,N/A,N/A,N/A,N/A,3,1312
00007,119,501,23,76,99,19,520,N/A,N/A,N/A,N/A,18,492
00008,110,577,38,86,137,8,585,N/A,N/A,N/A,N/A,19,638
00009,116,463,18,68,71,3,466,N/A,N/A,N/A,N/A,12,469
00010,143,519,24,80,120,16,535,N/A,N/A,N/A,N/A,20,745
00011,134,549,39,89,106,6,555,N/A,N/A,N/A,N/A,15,547
00012,79,859,15,38,54,1,860,N/A,N/A,N/A,N/A,8,443
00013,643,5543,9893,2224,11221,266,5809,N/A,N/A,N/A,N/A,1001,TIMEOUT
00014,1308,7400,115935,6639,118703,704,8104,N/A,N/A,N/A,N/A,15041,TIMEOUT
00015,110,1497,11735,3581,10164,225,1722,N/A,N/A,N/A,N/A,371,321747
00016,581,4525,20009,5320,19011,513,5038,N/A,N/A,N/A,N/A,1985,TIMEOUT
00017,551,5559,69540,2193,70376,206,5765,N/A,N/A,N/A,N/A,3231,TIMEOUT
00018,738,5046,17226,3376,16582,351,5397,N/A,N/A,N/A,N/A,1043,TIMEOUT
00019,635,5068,3733,1039,4328,169,5237,N/A,N/A,N/A,N/A,313,TIMEOUT
00020,831,5975,20413,4708,20566,450,6425,N/A,N/A,N/A,N/A,2513,TIMEOUT
00021,N/A,N/A,N/A,N/A,N/A,N/A,N/A,N/A,N/A,N/A,N/A,2513,ERROR
00022,135,1738,6931,1392,6863,128,1866,N/A,N/A,N/A,N/A,282,TIMEOUT
00023,142,1850,5034,1410,4807,99,1949,N/A,N/A,N/A,N/A,169,TIMEOUT
00024,N/A,N/A,N/A,N/A,N/A,N/A,N/A,N/A,N/A,N/A,N/A,169,ERROR
00025,515,4154,12567,3102,13382,227,4381,N/A,N/A,N/A,N/A,1218,TIMEOUT
00026,N/A,N/A,N/A,N/A,N/A,N/A,N/A,N/A,N/A,N/A,N/A,1218,ERROR
00027,267473,129941,3243,2443,8854,2303,132244,N/A,N/A,N/A,N/A,23954,TIMEOUT
00028,N/A,N/A,N/A,N/A,N/A,N/A,N/A,N/A,N/A,N/A,N/A,23954,ERROR
00029,N/A,N/A,N/A,N/A,N/A,N/A,N/A,N/A,N/A,N/A,N/A,23954,ERROR
00030,N/A,N/A,N/A,N/A,N/A,N/A,N/A,N/A,N/A,N/A,N/A,23954,ERROR
00031,25856,15456,2408,4345,48051,3946,19402,N/A,N/A,N/A,N/A,14633,TIMEOUT
00032,N/A,N/A,N/A,N/A,N/A,N/A,N/A,N/A,N/A,N/A,N/A,14633,ERROR
00033,124580,39279,3525,5279,33489,5007,44286,N/A,N/A,N/A,N/A,23899,TIMEOUT
00034,111699,37551,1411,3998,13742,3908,41459,N/A,N/A,N/A,N/A,18627,TIMEOUT
00035,118559,40908,2775,5344,24241,5098,46006,N/A,N/A,N/A,N/A,14852,TIMEOUT
00036,116576,38612,2453,4029,21721,3803,42415,N/A,N/A,N/A,N/A,11212,TIMEOUT
00037,N/A,N/A,N/A,N/A,N/A,N/A,N/A,N/A,N/A,N/A,N/A,11212,ERROR
00038,121481,43468,3664,5351,22806,5042,48510,N/A,N/A,N/A,N/A,10683,TIMEOUT
00039,30167,19855,9140,5467,60352,4912,24767,N/A,N/A,N/A,N/A,31257,TIMEOUT
00040,432032,367636,640,69,1718,69,367705,N/A,N/A,N/A,N/A,13352,TIMEOUT
00041,N/A,N/A,N/A,N/A,N/A,N/A,N/A,N/A,N/A,N/A,N/A,13352,ERROR
00042,101365,262243,3858,2330,12832,2068,264311,N/A,N/A,N/A,N/A,8617,TIMEOUT
00043,N/A,N/A,N/A,N/A,N/A,N/A,N/A,N/A,N/A,N/A,N/A,8617,ERROR
00044,N/A,N/A,N/A,N/A,N/A,N/A,N/A,N/A,N/A,N/A,N/A,8617,ERROR
00045,N/A,N/A,N/A,N/A,N/A,N/A,N/A,N/A,N/A,N/A,N/A,8617,ERROR
00046,128324,242701,1250,1023,4028,927,243628,N/A,N/A,N/A,N/A,3558,TIMEOUT
00047,128480,261853,821,952,3025,922,262775,N/A,N/A,N/A,N/A,3623,TIMEOUT
00049,103,182,1540,400,1682,54,236,N/A,N/A,N/A,N/A,84,58456
00050,148,186,2848,943,3196,76,262,N/A,N/A,N/A,N/A,85,131157
00051,0,0,0,0,0,0,0,N/A,N/A,N/A,N/A,0,13
00052,17243,87590,19748,0,85865,0,87590,N/A,N/A,N/A,N/A,10776,95035
00053,0,4862,0,0,0,0,4862,N/A,N/A,N/A,N/A,0,645
00054,0,6,0,0,0,0,6,N/A,N/A,N/A,N/A,0,39
00055,201,760,992,217,1168,41,801,N/A,N/A,N/A,N/A,44,4033
00056,0,12,0,0,0,0,12,N/A,N/A,N/A,N/A,0,43
00057,14,34,10,15,26,0,34,N/A,N/A,N/A,N/A,4,125
00058,13,19,0,12,3,0,19,N/A,N/A,N/A,N/A,2,108
00059,23,73,0,17,5,0,73,N/A,N/A,N/A,N/A,2,133
00060,60,176,0,30,24,0,176,N/A,N/A,N/A,N/A,5,283
00061,0,6,0,0,0,0,6,N/A,N/A,N/A,N/A,0,40
00062,53,176,0,43,11,0,176,N/A,N/A,N/A,N/A,3,239
00063,55,185,0,53,26,0,185,N/A,N/A,N/A,N/A,5,289
00064,0,3,0,0,0,0,3,N/A,N/A,N/A,N/A,0,37
00065,18,45,195,51,240,0,45,N/A,N/A,N/A,N/A,9,1704
00066,2,71,0,6,1,0,71,N/A,N/A,N/A,N/A,2,77
00067,0,24,0,0,0,0,24,N/A,N/A,N/A,N/A,0,47
00068,2,116,0,0,2,0,116,N/A,N/A,N/A,N/A,2,85
00069,5,24,0,10,2,0,24,N/A,N/A,N/A,N/A,2,95
00070,0,95,0,0,0,0,95,N/A,N/A,N/A,N/A,0,71
00071,3,43,0,5,1,0,43,N/A,N/A,N/A,N/A,2,74
00072,4,91,0,3,1,0,91,N/A,N/A,N/A,N/A,2,82
00073,30,152,10,26,6,5,157,N/A,N/A,N/A,N/A,4,180
00074,0,28,0,0,0,0,28,N/A,N/A,N/A,N/A,0,45
00075,10,434,0,7,2,5,439,N/A,N/A,N/A,N/A,3,136
00076,0,670,0,0,0,0,670,N/A,N/A,N/A,N/A,0,128
00077,0,4,0,0,0,0,4,N/A,N/A,N/A,N/A,0,40
00078,173,2431,38,1328,670,1190,3621,N/A,N/A,N/A,N/A,487,2209
00079,14,81,0,0,1,0,81,N/A,N/A,N/A,N/A,2,109
00080,0,94,0,0,0,0,94,N/A,N/A,N/A,N/A,0,71
00081,503,1610,0,320,158,0,1610,N/A,N/A,N/A,N/A,21,1529
00082,782,999,139,42,2463,7,1006,N/A,N/A,N/A,N/A,369,3612
00083,0,15,0,0,0,0,15,N/A,N/A,N/A,N/A,0,42
00084,0,11,0,0,0,0,11,N/A,N/A,N/A,N/A,0,42
00085,0,2,0,0,0,0,2,N/A,N/A,N/A,N/A,0,36
00086,0,0,0,0,0,0,0,N/A,N/A,N/A,N/A,0,13
00087,0,154,0,0,0,0,154,N/A,N/A,N/A,N/A,0,84
00088,0,216,0,0,0,0,216,N/A,N/A,N/A,N/A,0,87
00089,0,130,0,0,0,0,130,N/A,N/A,N/A,N/A,0,84
00090,0,99,0,0,0,0,99,N/A,N/A,N/A,N/A,0,73
00091,0,53,0,0,0,0,53,N/A,N/A,N/A,N/A,0,68
00092,0,32,0,0,0,0,32,N/A,N/A,N/A,N/A,0,59
00093,0,617,0,0,0,0,617,N/A,N/A,N/A,N/A,0,140
00094,68,382,1,31,61,18,400,N/A,N/A,N/A,N/A,12,334
00095,0,124,0,0,0,0,124,N/A,N/A,N/A,N/A,0,77
00096,0,0,0,0,0,0,0,N/A,N/A,N/A,N/A,0,14
00097,0,0,0,0,0,0,0,N/A,N/A,N/A,N/A,0,13
00098,0,0,0,0,0,0,0,N/A,N/A,N/A,N/A,0,13
00099,0,0,0,0,0,0,0,N/A,N/A,N/A,N/A,0,14
00100,0,0,0,0,0,0,0,N/A,N/A,N/A,N/A,0,14
00101,0,0,0,0,0,0,0,N/A,N/A,N/A,N/A,0,14
00102,0,0,0,0,0,0,0,N/A,N/A,N/A,N/A,0,14
00103,0,439,0,0,0,0,439,N/A,N/A,N/A,N/A,0,103
00104,0,3398,0,0,0,0,3398,N/A,N/A,N/A,N/A,0,365
00105,0,13,0,0,0,0,13,N/A,N/A,N/A,N/A,0,45
00106,26,128,316,149,379,2,130,N/A,N/A,N/A,N/A,12,2174
00107,0,53,0,0,0,0,53,N/A,N/A,N/A,N/A,0,67
00108,0,39,0,0,0,0,39,N/A,N/A,N/A,N/A,0,52
00109,0,133,0,0,0,0,133,N/A,N/A,N/A,N/A,0,80
00110,666,924,191,50,2032,4,928,N/A,N/A,N/A,N/A,320,2136
00111,0,103,0,0,0,0,103,N/A,N/A,N/A,N/A,0,76
00112,96,296,797,340,851,28,324,N/A,N/A,N/A,N/A,33,61442
00113,30,33,0,0,8,0,33,N/A,N/A,N/A,N/A,3,94
00114,246,77,2120,711,2287,218,295,N/A,N/A,N/A,N/A,140,319823
00115,0,613,0,0,0,0,613,N/A,N/A,N/A,N/A,0,140
00116,92,95,4,71,30,45,140,N/A,N/A,N/A,N/A,18,540
00117,29062,19176,10098,5301,59838,4608,23784,N/A,N/A,N/A,N/A,17313,TIMEOUT
00118,198,312,1340,453,1491,117,429,N/A,N/A,N/A,N/A,105,6598
00119,0,9,0,0,0,0,9,N/A,N/A,N/A,N/A,0,40
00120,75,100,95,61,138,16,116,N/A,N/A,N/A,N/A,13,494
00121,0,0,0,0,0,0,0,N/A,N/A,N/A,N/A,0,13
00122,0,2,0,0,0,0,2,N/A,N/A,N/A,N/A,0,38
00123,0,0,0,0,0,0,0,N/A,N/A,N/A,N/A,0,14
00124,0,0,0,0,0,0,0,N/A,N/A,N/A,N/A,0,14
00125,0,0,0,0,0,0,0,N/A,N/A,N/A,N/A,0,14
00126,0,0,0,0,0,0,0,N/A,N/A,N/A,N/A,0,13
00127,0,0,0,0,0,0,0,N/A,N/A,N/A,N/A,0,13
00128,0,1,0,0,0,0,1,N/A,N/A,N/A,N/A,0,35
00129,0,13,0,0,0,0,13,N/A,N/A,N/A,N/A,0,44
00130,0,3,0,0,0,0,3,N/A,N/A,N/A,N/A,0,37
00131,0,0,0,0,0,0,0,N/A,N/A,N/A,N/A,0,14
00132,0,42,0,0,0,0,42,N/A,N/A,N/A,N/A,0,64
00133,0,15,0,0,0,0,15,N/A,N/A,N/A,N/A,0,46
00134,0,0,0,0,0,0,0,N/A,N/A,N/A,N/A,0,14
00135,0,169,0,0,0,0,169,N/A,N/A,N/A,N/A,0,95
00136,0,182,0,0,0,0,182,N/A,N/A,N/A,N/A,0,79
00137,0,189,0,0,0,0,189,N/A,N/A,N/A,N/A,0,87
00138,0,896,0,0,0,0,896,N/A,N/A,N/A,N/A,0,163
00139,0,261,0,0,0,0,261,N/A,N/A,N/A,N/A,0,87
00140,0,1580,0,0,0,0,1580,N/A,N/A,N/A,N/A,0,197
00141,0,116,0,0,0,0,116,N/A,N/A,N/A,N/A,0,71
00142,0,1294,0,0,0,0,1294,N/A,N/A,N/A,N/A,0,187
00143,0,363,0,0,0,0,363,N/A,N/A,N/A,N/A,0,106
00144,0,4218,0,0,0,0,4218,N/A,N/A,N/A,N/A,0,467
00145,0,90,0,0,0,0,90,N/A,N/A,N/A,N/A,0,69
00146,0,4240,0,0,0,0,4240,N/A,N/A,N/A,N/A,0,520
00147,0,4,0,0,0,0,4,N/A,N/A,N/A,N/A,0,38
00148,0,1536,0,0,0,0,1536,N/A,N/A,N/A,N/A,0,189
00149,0,691,0,0,0,0,691,N/A,N/A,N/A,N/A,0,119
00150,0,126,0,0,0,0,126,N/A,N/A,N/A,N/A,0,72
00151,261,907,7771,113,10056,74,981,N/A,N/A,N/A,N/A,583,5618
00152,0,22,0,0,0,0,22,N/A,N/A,N/A,N/A,0,56
00153,136,658,25,37,73,0,658,N/A,N/A,N/A,N/A,6,379
00154,0,6,0,0,0,0,6,N/A,N/A,N/A,N/A,0,39
00155,0,325,0,0,0,0,325,N/A,N/A,N/A,N/A,0,96
00156,0,0,0,0,0,0,0,N/A,N/A,N/A,N/A,0,13
00157,0,1367,0,0,0,0,1367,N/A,N/A,N/A,N/A,0,184
00159,0,1055,0,0,0,0,1055,N/A,N/A,N/A,N/A,0,165
00161,0,0,0,0,0,0,0,N/A,N/A,N/A,N/A,0,13
00162,0,9,0,0,0,0,9,N/A,N/A,N/A,N/A,0,40
00163,0,77,0,0,0,0,77,N/A,N/A,N/A,N/A,0,70
00164,9,34,0,4,0,1,35,N/A,N/A,N/A,N/A,2,77
00165,0,441,0,0,0,0,441,N/A,N/A,N/A,N/A,0,124
00166,0,10,0,0,0,0,10,N/A,N/A,N/A,N/A,0,42
00167,56,1635,262,32,544,14,1649,N/A,N/A,N/A,N/A,26,1576
00168,0,132,0,0,0,0,132,N/A,N/A,N/A,N/A,0,81
00169,125,478,8,68,86,10,488,N/A,N/A,N/A,N/A,15,606
00170,43,290,4,22,12,2,292,N/A,N/A,N/A,N/A,4,186
00171,53,228,1146,609,1421,1,229,N/A,N/A,N/A,N/A,52,TIMEOUT
00172,859,655,446226,658,450563,559,1214,N/A,N/A,N/A,N/A,18864,TIMEOUT
00173,940,356,1008,580,2239,160,516,N/A,N/A,N/A,N/A,339,2881
00174,19854,15114,2441,4832,48684,4388,19502,N/A,N/A,N/A,N/A,26184,TIMEOUT
00175,0,579,0,0,0,0,579,N/A,N/A,N/A,N/A,0,135
00176,164,239,788,364,926,81,320,N/A,N/A,N/A,N/A,59,4002
00177,0,919,0,0,0,0,919,N/A,N/A,N/A,N/A,0,139
00178,0,194,0,0,0,0,194,N/A,N/A,N/A,N/A,0,85
00179,0,47,0,0,0,0,47,N/A,N/A,N/A,N/A,0,61
00180,0,0,0,0,0,0,0,N/A,N/A,N/A,N/A,0,13
00181,0,0,0,0,0,0,0,N/A,N/A,N/A,N/A,0,13
00182,0,0,0,0,0,0,0,N/A,N/A,N/A,N/A,0,13
00183,0,0,0,0,0,0,0,N/A,N/A,N/A,N/A,0,13
00184,0,0,0,0,0,0,0,N/A,N/A,N/A,N/A,0,13
00185,0,0,0,0,0,0,0,N/A,N/A,N/A,N/A,0,13
00186,0,0,0,0,0,0,0,N/A,N/A,N/A,N/A,0,14
00187,0,0,0,0,0,0,0,N/A,N/A,N/A,N/A,0,14
00188,0,0,0,0,0,0,0,N/A,N/A,N/A,N/A,0,14
00189,0,7,0,0,0,0,7,N/A,N/A,N/A,N/A,0,41
00190,0,28,0,0,0,0,28,N/A,N/A,N/A,N/A,0,47
00191,0,0,0,0,0,0,0,N/A,N/A,N/A,N/A,0,13
00192,0,0,0,0,0,0,0,N/A,N/A,N/A,N/A,0,14
00193,0,257,0,0,0,0,257,N/A,N/A,N/A,N/A,0,92
00194,0,0,0,0,0,0,0,N/A,N/A,N/A,N/A,0,14
00195,0,308,0,0,0,0,308,N/A,N/A,N/A,N/A,0,97
00196,0,39,0,0,0,0,39,N/A,N/A,N/A,N/A,0,61
00197,0,113,0,0,0,0,113,N/A,N/A,N/A,N/A,0,75
00198,0,221,0,0,0,0,221,N/A,N/A,N/A,N/A,0,102
00199,0,0,0,0,0,0,0,N/A,N/A,N/A,N/A,0,13
00200,0,81,0,0,0,0,81,N/A,N/A,N/A,N/A,0,69
00201,0,67,0,0,0,0,67,N/A,N/A,N/A,N/A,0,70
00202,0,473,0,0,0,0,473,N/A,N/A,N/A,N/A,0,111
00203,0,25,0,0,0,0,25,N/A,N/A,N/A,N/A,0,45
00204,0,171,0,0,0,0,171,N/A,N/A,N/A,N/A,0,85
00205,0,5,0,0,0,0,5,N/A,N/A,N/A,N/A,0,41
00206,0,8,0,0,0,0,8,N/A,N/A,N/A,N/A,0,42
00207,0,8,0,0,0,0,8,N/A,N/A,N/A,N/A,0,41
00208,0,9,0,0,0,0,9,N/A,N/A,N/A,N/A,0,42
00209,98,44,2,0,20,0,44,N/A,N/A,N/A,N/A,10,163
00210,25,30,18,0,42,0,30,N/A,N/A,N/A,N/A,6,118
00211,0,239,0,0,0,0,239,N/A,N/A,N/A,N/A,0,85
00212,15,3,0,0,2,0,3,N/A,N/A,N/A,N/A,2,79
00213,10,4,0,0,2,0,4,N/A,N/A,N/A,N/A,2,62
00214,57,41,3,0,29,0,41,N/A,N/A,N/A,N/A,6,166
00215,26,37,6,0,20,0,37,N/A,N/A,N/A,N/A,4,147
00216,0,7,0,0,0,0,7,N/A,N/A,N/A,N/A,0,41
00217,6,9,0,0,1,0,9,N/A,N/A,N/A,N/A,2,54
00218,33,21,2,1,19,1,22,N/A,N/A,N/A,N/A,4,144
00219,0,21,0,0,0,0,21,N/A,N/A,N/A,N/A,0,46
00220,11,9,0,0,2,0,9,N/A,N/A,N/A,N/A,2,75
00221,7,18,1,0,2,0,18,N/A,N/A,N/A,N/A,2,79
00222,22,94,18,0,31,0,94,N/A,N/A,N/A,N/A,4,175
00223,22,11,2,0,6,0,11,N/A,N/A,N/A,N/A,2,92
00224,12,13,1,0,9,0,13,N/A,N/A,N/A,N/A,3,100
00225,0,3,0,0,0,0,3,N/A,N/A,N/A,N/A,0,38
00226,0,5,0,0,0,0,5,N/A,N/A,N/A,N/A,0,40
00227,0,8,0,0,0,0,8,N/A,N/A,N/A,N/A,0,41
00228,0,12,0,0,0,0,12,N/A,N/A,N/A,N/A,0,45
00229,9,82,0,4,7,4,86,N/A,N/A,N/A,N/A,11,125
00230,11,5,0,0,2,0,5,N/A,N/A,N/A,N/A,2,60
00231,0,4,0,0,0,0,4,N/A,N/A,N/A,N/A,0,39
00232,0,67,0,0,0,0,67,N/A,N/A,N/A,N/A,0,67
00233,10,11,0,0,1,0,11,N/A,N/A,N/A,N/A,2,82
00234,0,13,0,0,0,0,13,N/A,N/A,N/A,N/A,0,42
00235,31,37,0,0,20,0,37,N/A,N/A,N/A,N/A,4,135
00236,32,71,0,25,16,0,71,N/A,N/A,N/A,N/A,3,190
00237,2,2,0,0,1,0,2,N/A,N/A,N/A,N/A,2,43
00238,38,31,151,60,188,4,35,N/A,N/A,N/A,N/A,10,1310
00239,0,395,0,0,0,0,395,N/A,N/A,N/A,N/A,0,123
00240,0,62,0,0,0,0,62,N/A,N/A,N/A,N/A,0,69
00241,2,100,44,42,69,1,101,N/A,N/A,N/A,N/A,5,255
00242,23,27,2,0,5,0,27,N/A,N/A,N/A,N/A,2,92
00243,0,236,0,0,0,0,236,N/A,N/A,N/A,N/A,0,96
00244,0,0,0,0,0,0,0,N/A,N/A,N/A,N/A,0,14
00245,0,0,0,0,0,0,0,N/A,N/A,N/A,N/A,0,14
00246,0,0,0,0,0,0,0,N/A,N/A,N/A,N/A,0,14
00247,0,0,0,0,0,0,0,N/A,N/A,N/A,N/A,0,13
00248,0,287,0,0,0,0,287,N/A,N/A,N/A,N/A,0,95
00249,0,192,0,0,0,0,192,N/A,N/A,N/A,N/A,0,82
00250,0,226,0,0,0,0,226,N/A,N/A,N/A,N/A,0,86
00251,0,224,0,0,0,0,224,N/A,N/A,N/A,N/A,0,91
00252,0,161,0,0,0,0,161,N/A,N/A,N/A,N/A,0,92
00253,0,180,0,0,0,0,180,N/A,N/A,N/A,N/A,0,83
00254,0,297,0,0,0,0,297,N/A,N/A,N/A,N/A,0,101
00255,0,37,0,0,0,0,37,N/A,N/A,N/A,N/A,0,51
00256,0,167,0,0,0,0,167,N/A,N/A,N/A,N/A,0,85
00257,0,0,0,0,0,0,0,N/A,N/A,N/A,N/A,0,13
00258,0,0,0,0,0,0,0,N/A,N/A,N/A,N/A,0,14
00259,0,6,0,0,0,0,6,N/A,N/A,N/A,N/A,0,39
00260,0,0,0,0,0,0,0,N/A,N/A,N/A,N/A,0,13
00261,0,1,0,0,0,0,1,N/A,N/A,N/A,N/A,0,36
00262,0,1,0,0,0,0,1,N/A,N/A,N/A,N/A,0,36
00263,0,0,0,0,0,0,0,N/A,N/A,N/A,N/A,0,14
00264,0,2,0,0,0,0,2,N/A,N/A,N/A,N/A,0,37
00265,0,0,0,0,0,0,0,N/A,N/A,N/A,N/A,0,13
00266,0,53,0,0,0,0,53,N/A,N/A,N/A,N/A,0,53
00267,13,7,0,0,4,0,7,N/A,N/A,N/A,N/A,2,65
00268,0,3,0,0,0,0,3,N/A,N/A,N/A,N/A,0,38
00269,0,148,0,0,0,0,148,N/A,N/A,N/A,N/A,0,84
00270,0,116,0,0,0,0,116,N/A,N/A,N/A,N/A,0,78
00271,0,101,0,0,0,0,101,N/A,N/A,N/A,N/A,0,69
00272,0,167,0,0,0,0,167,N/A,N/A,N/A,N/A,0,92
00273,0,99,0,0,0,0,99,N/A,N/A,N/A,N/A,0,76
00274,0,124,0,0,0,0,124,N/A,N/A,N/A,N/A,0,77
00275,0,295,0,0,0,0,295,N/A,N/A,N/A,N/A,0,104
00276,0,29,0,0,0,0,29,N/A,N/A,N/A,N/A,0,47
00277,0,262,0,0,0,0,262,N/A,N/A,N/A,N/A,0,95
00278,0,0,0,0,0,0,0,N/A,N/A,N/A,N/A,0,14
00279,121,425,0,55,114,0,425,N/A,N/A,N/A,N/A,15,691
00280,0,729,0,0,0,0,729,N/A,N/A,N/A,N/A,0,125
00281,117,1513,2730,1033,2372,75,1588,N/A,N/A,N/A,N/A,87,TIMEOUT
00282,593,3748,10669,3164,10252,338,4086,N/A,N/A,N/A,N/A,767,TIMEOUT
00283,835,4050,33503,8536,31753,868,4918,N/A,N/A,N/A,N/A,4910,TIMEOUT
00284,780,5521,60387,3024,62612,278,5799,N/A,N/A,N/A,N/A,5509,TIMEOUT
00285,591180,213429,12768,1160,62233,542,213971,N/A,N/A,N/A,N/A,66788,TIMEOUT
00286,129103,121266,6923,1833,60905,1092,122358,N/A,N/A,N/A,N/A,49101,TIMEOUT
00287,0,58,0,0,0,0,58,N/A,N/A,N/A,N/A,0,66
00288,0,414,0,0,0,0,414,N/A,N/A,N/A,N/A,0,115
00289,0,86,0,0,0,0,86,N/A,N/A,N/A,N/A,0,69
00290,N/A,N/A,N/A,N/A,N/A,N/A,N/A,N/A,N/A,N/A,N/A,0,ERROR
00292,0,92,0,0,0,0,92,N/A,N/A,N/A,N/A,0,71
00293,63,3921,0,4,16,0,3921,N/A,N/A,N/A,N/A,3,702
00294,0,152,0,0,0,0,152,N/A,N/A,N/A,N/A,0,83
00295,0,82,0,0,0,0,82,N/A,N/A,N/A,N/A,0,69
00296,73,180,621,329,642,21,201,N/A,N/A,N/A,N/A,40,6793
00297,0,205,0,0,0,0,205,N/A,N/A,N/A,N/A,0,83
00298,0,141,0,0,0,0,141,N/A,N/A,N/A,N/A,0,80
00299,0,14,0,0,0,0,14,N/A,N/A,N/A,N/A,0,42
00300,0,0,0,0,0,0,0,N/A,N/A,N/A,N/A,0,14
00301,19,345,4,13,3,0,345,N/A,N/A,N/A,N/A,3,166
00302,0,882,0,0,0,0,882,N/A,N/A,N/A,N/A,0,155
00303,0,690,0,0,0,0,690,N/A,N/A,N/A,N/A,0,125
00304,0,72,0,0,0,0,72,N/A,N/A,N/A,N/A,0,66
00305,0,41,0,0,0,0,41,N/A,N/A,N/A,N/A,0,52
00306,0,34,0,0,0,0,34,N/A,N/A,N/A,N/A,0,50
00307,0,0,0,0,0,0,0,N/A,N/A,N/A,N/A,0,13
00308,0,7,0,0,0,0,7,N/A,N/A,N/A,N/A,0,38
00309,0,86,0,0,0,0,86,N/A,N/A,N/A,N/A,0,71
00310,0,27,0,0,0,0,27,N/A,N/A,N/A,N/A,0,49
00311,0,37,0,0,0,0,37,N/A,N/A,N/A,N/A,0,59
00312,0,23,0,0,0,0,23,N/A,N/A,N/A,N/A,0,47
00313,0,0,0,0,0,0,0,N/A,N/A,N/A,N/A,0,13
00314,0,0,0,0,0,0,0,N/A,N/A,N/A,N/A,0,14
00315,0,21,0,0,0,0,21,N/A,N/A,N/A,N/A,0,46
00316,2,99,0,0,1,0,99,N/A,N/A,N/A,N/A,2,85
00317,0,0,0,0,0,0,0,N/A,N/A,N/A,N/A,0,13
00318,0,95,0,0,0,0,95,N/A,N/A,N/A,N/A,0,74
00319,948,1044,504342,1961,505719,1628,2655,N/A,N/A,N/A,N/A,6164,TIMEOUT
00320,760,523,6532,4437,7438,2519,3042,N/A,N/A,N/A,N/A,976,170446
00321,0,29,0,0,0,0,29,N/A,N/A,N/A,N/A,0,46
00322,0,8151,0,0,0,0,8151,N/A,N/A,N/A,N/A,0,911
00323,0,39,0,0,0,0,39,N/A,N/A,N/A,N/A,0,55
00324,0,48,0,0,0,0,48,N/A,N/A,N/A,N/A,0,63
00325,0,1,0,0,0,0,1,N/A,N/A,N/A,N/A,0,34
00326,0,0,0,0,0,0,0,N/A,N/A,N/A,N/A,0,13
00327,0,0,0,0,0,0,0,N/A,N/A,N/A,N/A,0,14
00328,0,217,0,0,0,0,217,N/A,N/A,N/A,N/A,0,98
00329,0,52,0,0,0,0,52,N/A,N/A,N/A,N/A,0,69
00330,0,3,0,0,0,0,3,N/A,N/A,N/A,N/A,0,36
00331,0,9,0,0,0,0,9,N/A,N/A,N/A,N/A,0,39
00332,39,534,331,65,401,11,545,N/A,N/A,N/A,N/A,18,1582
00333,33,131,155,31,174,3,134,N/A,N/A,N/A,N/A,9,1009
00334,44,546,308,37,401,7,553,N/A,N/A,N/A,N/A,19,1573
00335,0,59,0,0,0,0,59,N/A,N/A,N/A,N/A,0,65
00336,51,544,404,73,442,17,561,N/A,N/A,N/A,N/A,20,8137
00337,0,63,0,0,0,0,63,N/A,N/A,N/A,N/A,0,66
00338,65,618,770,398,663,32,650,N/A,N/A,N/A,N/A,40,TIMEOUT
00339,19,256,215,104,183,26,282,N/A,N/A,N/A,N/A,14,328
00340,43,578,140,53,191,11,589,N/A,N/A,N/A,N/A,17,543
00341,3,60,2,3,6,3,63,N/A,N/A,N/A,N/A,2,88
00342,0,11,0,0,0,0,11,N/A,N/A,N/A,N/A,0,43
00343,18,354,74,14,184,1,355,N/A,N/A,N/A,N/A,13,724
00344,994,1037,92351,4592,96578,3169,4193,N/A,N/A,N/A,N/A,6273,TIMEOUT
00345,N/A,N/A,N/A,N/A,N/A,N/A,N/A,N/A,N/A,N/A,N/A,6273,ERROR
00346,682,700,2357,3949,2592,2687,3380,N/A,N/A,N/A,N/A,817,14224
00347,79,223,163,69,274,21,244,N/A,N/A,N/A,N/A,27,953
00348,151,462,4089,2681,3563,292,754,N/A,N/A,N/A,N/A,262,TIMEOUT
00349,45,217,578,205,703,39,256,N/A,N/A,N/A,N/A,35,6969
00350,8159,11215,16637,3651,22908,1050,12265,N/A,N/A,N/A,N/A,1507,TIMEOUT
00352,2088,8562,13175,65071,22661,63556,72118,N/A,N/A,N/A,N/A,114577,221233
00353,1864,9044,4230,62176,11418,60991,70035,N/A,N/A,N/A,N/A,307595,TIMEOUT
00354,12070,13061,280646,9158,316230,8829,21890,N/A,N/A,N/A,N/A,45513,TIMEOUT
00355,0,434,0,0,0,0,434,N/A,N/A,N/A,N/A,0,104
00356,7791,7377,145,0,5945,0,7377,N/A,N/A,N/A,N/A,712,6616
00357,8217,7024,191,0,7355,0,7024,N/A,N/A,N/A,N/A,966,7454
00358,456,943,151,0,2244,0,943,N/A,N/A,N/A,N/A,363,2343
00359,2189,537,0,0,575,0,537,N/A,N/A,N/A,N/A,67,918
00360,4740,5905,104,0,10297,0,5905,N/A,N/A,N/A,N/A,1196,13012
00361,0,873,0,0,0,0,873,N/A,N/A,N/A,N/A,0,147
00362,0,203,0,0,0,0,203,N/A,N/A,N/A,N/A,0,87
00363,0,328,0,0,0,0,328,N/A,N/A,N/A,N/A,0,112
00364,0,118,0,0,0,0,118,N/A,N/A,N/A,N/A,0,74
00365,0,103,0,0,0,0,103,N/A,N/A,N/A,N/A,0,70
00366,189,319,1816,276,2476,14,333,N/A,N/A,N/A,N/A,92,66020
00367,229,247,408,89,784,6,253,N/A,N/A,N/A,N/A,41,29239
00368,38484,89186,32657,0,161013,0,89186,N/A,N/A,N/A,N/A,37626,TIMEOUT
00369,58884,143316,40027,0,159007,0,143316,N/A,N/A,N/A,N/A,33936,TIMEOUT
00370,71658,196730,41168,0,186420,0,196730,N/A,N/A,N/A,N/A,43133,TIMEOUT
00371,N/A,N/A,N/A,N/A,N/A,N/A,N/A,N/A,N/A,N/A,N/A,43133,ERROR
00372,2592,2890,0,2481,0,645,3535,N/A,N/A,N/A,N/A,134,23392
00373,3617,3649,0,2899,0,680,4329,N/A,N/A,N/A,N/A,183,77033
00374,76967,109634,8303,3189,30183,2966,112600,N/A,N/A,N/A,N/A,9058,TIMEOUT
00375,70541,161672,29784,3534,100070,3343,165015,N/A,N/A,N/A,N/A,41962,TIMEOUT
00376,N/A,N/A,N/A,N/A,N/A,N/A,N/A,N/A,N/A,N/A,N/A,41962,ERROR
00377,N/A,N/A,N/A,N/A,N/A,N/A,N/A,N/A,N/A,N/A,N/A,41962,ERROR
00378,119297,206592,23687,314,93982,234,206826,N/A,N/A,N/A,N/A,74014,TIMEOUT
00379,201756,320873,53322,0,192307,0,320873,N/A,N/A,N/A,N/A,129070,TIMEOUT
00380,N/A,N/A,N/A,N/A,N/A,N/A,N/A,N/A,N/A,N/A,N/A,129070,ERROR
00381,N/A,N/A,N/A,N/A,N/A,N/A,N/A,N/A,N/A,N/A,N/A,129070,ERROR
00382,N/A,N/A,N/A,N/A,N/A,N/A,N/A,N/A,N/A,N/A,N/A,129070,ERROR
00383,N/A,N/A,N/A,N/A,N/A,N/A,N/A,N/A,N/A,N/A,N/A,129070,ERROR
00384,N/A,N/A,N/A,N/A,N/A,N/A,N/A,N/A,N/A,N/A,N/A,129070,ERROR
00385,N/A,N/A,N/A,N/A,N/A,N/A,N/A,N/A,N/A,N/A,N/A,129070,ERROR
00386,47575,99071,19126,130,92394,42,99113,N/A,N/A,N/A,N/A,16632,TIMEOUT
00387,86656,162879,16157,6021,61992,5906,168785,N/A,N/A,N/A,N/A,21070,TIMEOUT
00388,574,531,0,489,0,121,652,N/A,N/A,N/A,N/A,19,12216
00389,632,548,0,319,0,0,548,N/A,N/A,N/A,N/A,0,7096
00390,42707,91199,14116,14610,62825,13957,105156,N/A,N/A,N/A,N/A,22119,TIMEOUT
00391,N/A,N/A,N/A,N/A,N/A,N/A,N/A,N/A,N/A,N/A,N/A,22119,ERROR
00392,3671,3333,0,6939,18,6649,9982,N/A,N/A,N/A,N/A,2968,TIMEOUT
00393,N/A,N/A,N/A,N/A,N/A,N/A,N/A,N/A,N/A,N/A,N/A,2968,ERROR
00394,57037,113243,7010,652,27399,527,113770,N/A,N/A,N/A,N/A,5872,TIMEOUT
00395,166522,211495,6840,4024,21128,3749,215244,N/A,N/A,N/A,N/A,12254,TIMEOUT
00396,N/A,N/A,N/A,N/A,N/A,N/A,N/A,N/A,N/A,N/A,N/A,12254,ERROR
00397,N/A,N/A,N/A,N/A,N/A,N/A,N/A,N/A,N/A,N/A,N/A,12254,ERROR
00398,N/A,N/A,N/A,N/A,N/A,N/A,N/A,N/A,N/A,N/A,N/A,12254,ERROR
00399,N/A,N/A,N/A,N/A,N/A,N/A,N/A,N/A,N/A,N/A,N/A,12254,ERROR
00400,48857,109259,19192,909,81328,668,109927,N/A,N/A,N/A,N/A,14890,TIMEOUT
00401,N/A,N/A,N/A,N/A,N/A,N/A,N/A,N/A,N/A,N/A,N/A,14890,ERROR
00402,7217,8216,139,0,5135,0,8216,N/A,N/A,N/A,N/A,615,6709
00403,11133,13907,515,0,9703,0,13907,N/A,N/A,N/A,N/A,953,13177
00404,7,137,0,0,10,0,137,N/A,N/A,N/A,N/A,2,94
00405,14,134,0,0,38,0,134,N/A,N/A,N/A,N/A,5,135
00406,8,284,0,0,25,0,284,N/A,N/A,N/A,N/A,4,145
00407,13,308,0,0,51,0,308,N/A,N/A,N/A,N/A,5,157
00408,0,10,0,0,0,0,10,N/A,N/A,N/A,N/A,0,41
00409,0,10,0,0,0,0,10,N/A,N/A,N/A,N/A,0,41
00410,N/A,N/A,N/A,N/A,N/A,N/A,N/A,N/A,N/A,N/A,N/A,0,ERROR
00411,1125,4169,582,0,6597,0,4169,N/A,N/A,N/A,N/A,742,7788
00412,4146,12586,7694,0,33512,0,12586,N/A,N/A,N/A,N/A,5783,46391
00413,4954,15633,7562,0,33158,0,15633,N/A,N/A,N/A,N/A,6000,54140
00414,N/A,N/A,N/A,N/A,N/A,N/A,N/A,N/A,N/A,N/A,N/A,6000,ERROR
00415,44412,135742,18946,145,94444,10,135752,N/A,N/A,N/A,N/A,17813,TIMEOUT
00416,72773,195582,41453,192,167880,33,195615,N/A,N/A,N/A,N/A,72021,TIMEOUT
00417,N/A,N/A,N/A,N/A,N/A,N/A,N/A,N/A,N/A,N/A,N/A,72021,ERROR
00418,N/A,N/A,N/A,N/A,N/A,N/A,N/A,N/A,N/A,N/A,N/A,72021,ERROR
00419,N/A,N/A,N/A,N/A,N/A,N/A,N/A,N/A,N/A,N/A,N/A,72021,ERROR
00420,N/A,N/A,N/A,N/A,N/A,N/A,N/A,N/A,N/A,N/A,N/A,72021,ERROR
00421,4372,3822,97,7899,1638,6779,10601,N/A,N/A,N/A,N/A,4046,TIMEOUT
00422,2646,1618,3462,2849,5874,1219,2837,N/A,N/A,N/A,N/A,743,TIMEOUT
00423,2687,2329,98,0,3780,0,2329,N/A,N/A,N/A,N/A,624,5664
00424,4662,4954,484,2877,10451,2585,7539,N/A,N/A,N/A,N/A,1760,39071
00425,52471,93535,81113,0,300274,0,93535,N/A,N/A,N/A,N/A,113592,TIMEOUT
00426,109954,154541,63451,0,249747,0,154541,N/A,N/A,N/A,N/A,107919,TIMEOUT
00428,0,0,0,0,0,0,0,N/A,N/A,N/A,N/A,0,14
00429,0,0,0,0,0,0,0,N/A,N/A,N/A,N/A,0,13
00430,2324,369,22,5,941,0,369,N/A,N/A,N/A,N/A,111,12390
00431,2133,348,16,3,860,0,348,N/A,N/A,N/A,N/A,107,1853
00432,1036,451,2,0,1519,0,451,N/A,N/A,N/A,N/A,321,1696
00433,1025,428,0,0,1510,0,428,N/A,N/A,N/A,N/A,354,1468
00434,0,67536,0,0,0,0,67536,N/A,N/A,N/A,N/A,0,3870
00435,2,26232,0,0,0,0,26232,N/A,N/A,N/A,N/A,0,1810
00436,14089,76518,263,14572,8951,14085,90603,N/A,N/A,N/A,N/A,13782,TIMEOUT
00437,N/A,N/A,N/A,N/A,N/A,N/A,N/A,N/A,N/A,N/A,N/A,13782,ERROR
00438,N/A,N/A,N/A,N/A,N/A,N/A,N/A,N/A,N/A,N/A,N/A,13782,ERROR
00439,0,0,0,0,0,0,0,N/A,N/A,N/A,N/A,0,13
00440,0,0,0,0,0,0,0,N/A,N/A,N/A,N/A,0,14
00441,0,0,0,0,0,0,0,N/A,N/A,N/A,N/A,0,13
00442,0,0,0,0,0,0,0,N/A,N/A,N/A,N/A,0,13
00443,61588,0,0,0,0,0,0,N/A,N/A,N/A,N/A,0,5201
00444,61499,0,0,0,0,0,0,N/A,N/A,N/A,N/A,0,5439
00445,510,3924,28,0,1504,0,3924,N/A,N/A,N/A,N/A,107,3356
00446,1149,6268,44,500,2508,339,6607,N/A,N/A,N/A,N/A,334,8431
00447,1471,6260,73,392,1902,255,6515,N/A,N/A,N/A,N/A,248,29055
00448,113432,169004,63369,0,222066,0,169004,N/A,N/A,N/A,N/A,110798,TIMEOUT
00449,1362,6851,593,834,4496,524,7375,N/A,N/A,N/A,N/A,620,8209
00450,1996,10696,13290,2051,19122,573,11269,N/A,N/A,N/A,N/A,1265,TIMEOUT
00451,10088,9296,2720,0,36601,0,9296,N/A,N/A,N/A,N/A,12129,46205
00452,15470,14167,4558,0,59683,0,14167,N/A,N/A,N/A,N/A,14312,55887
00453,0,555,0,0,0,0,555,N/A,N/A,N/A,N/A,0,118
00454,849,1227,3,8580,16,8351,9578,N/A,N/A,N/A,N/A,4473,26377
00455,0,3031,0,0,0,0,3031,N/A,N/A,N/A,N/A,0,311
00456,0,3071,0,0,0,0,3071,N/A,N/A,N/A,N/A,0,299
00457,379,5692,284,0,1873,0,5692,N/A,N/A,N/A,N/A,96,2157
00458,331,5157,288,0,2117,0,5157,N/A,N/A,N/A,N/A,104,2866
00459,24636,23424,15721,4609,80412,1721,25145,N/A,N/A,N/A,N/A,21500,330009
00460,N/A,N/A,N/A,N/A,N/A,N/A,N/A,N/A,N/A,N/A,N/A,21500,ERROR
00461,77422,45347,15143,957,88403,530,45877,N/A,N/A,N/A,N/A,24963,TIMEOUT
00462,N/A,N/A,N/A,N/A,N/A,N/A,N/A,N/A,N/A,N/A,N/A,24963,ERROR
00463,70603,36456,1668,33214,12683,32897,69353,N/A,N/A,N/A,N/A,34759,TIMEOUT
00464,951,6,0,0,0,0,6,N/A,N/A,N/A,N/A,0,199
00465,2137,418,0,0,1537,0,418,N/A,N/A,N/A,N/A,191,1992
00466,0,22408,0,0,0,0,22408,N/A,N/A,N/A,N/A,0,1623
00467,0,23215,0,0,0,0,23215,N/A,N/A,N/A,N/A,0,1589
00468,30,2385,0,0,95,0,2385,N/A,N/A,N/A,N/A,5,442
00469,230,2919,0,0,628,0,2919,N/A,N/A,N/A,N/A,36,976
00470,356005,303638,7086,2444,52701,1356,304994,N/A,N/A,N/A,N/A,49675,TIMEOUT
00471,N/A,N/A,N/A,N/A,N/A,N/A,N/A,N/A,N/A,N/A,N/A,49675,ERROR
00472,334151,280312,4116,626,48497,175,280487,N/A,N/A,N/A,N/A,52264,TIMEOUT
00473,315281,288452,1388,0,113366,0,288452,N/A,N/A,N/A,N/A,103588,TIMEOUT
00474,76,246,18,0,142,0,246,N/A,N/A,N/A,N/A,15,309
00475,218,308,3371,495,4063,0,308,N/A,N/A,N/A,N/A,106,87483
00476,9031,7168,243,1397,956,1283,8451,N/A,N/A,N/A,N/A,358,TIMEOUT
00477,708261,32642,0,0,60845,0,32642,N/A,N/A,N/A,N/A,57756,TIMEOUT
00478,0,2963,0,0,0,0,2963,N/A,N/A,N/A,N/A,0,305
00479,3238,2017,293811,208,298624,143,2160,N/A,N/A,N/A,N/A,4783,TIMEOUT
00480,N/A,N/A,N/A,N/A,N/A,N/A,N/A,N/A,N/A,N/A,N/A,4783,ERROR
00481,0,0,0,0,0,0,0,N/A,N/A,N/A,N/A,0,13
00482,0,0,0,0,0,0,0,N/A,N/A,N/A,N/A,0,13
00483,233758,340679,1271,1008,4480,931,341610,N/A,N/A,N/A,N/A,17148,TIMEOUT
00484,193949,354778,44714,0,171299,0,354778,N/A,N/A,N/A,N/A,102463,TIMEOUT
00485,N/A,N/A,N/A,N/A,N/A,N/A,N/A,N/A,N/A,N/A,N/A,102463,ERROR
00486,N/A,N/A,N/A,N/A,N/A,N/A,N/A,N/A,N/A,N/A,N/A,102463,ERROR
00487,64960,226186,7297,4391,20242,3299,229485,N/A,N/A,N/A,N/A,8394,TIMEOUT
00488,N/A,N/A,N/A,N/A,N/A,N/A,N/A,N/A,N/A,N/A,N/A,8394,ERROR
00489,51256,185797,4531,5314,14981,4227,190024,N/A,N/A,N/A,N/A,7960,ERROR
00490,0,0,0,0,0,0,0,N/A,N/A,N/A,N/A,0,15
00491,0,0,0,0,0,0,0,N/A,N/A,N/A,N/A,0,13
00492,0,0,0,0,0,0,0,N/A,N/A,N/A,N/A,0,13
00493,0,309,0,0,0,0,309,N/A,N/A,N/A,N/A,0,110
00494,10422,0,0,0,0,0,0,N/A,N/A,N/A,N/A,0,1131
00495,10623,0,0,0,0,0,0,N/A,N/A,N/A,N/A,0,1239
00496,49015,11781,6577,0,104839,0,11781,N/A,N/A,N/A,N/A,33632,159523
00497,37058,23,0,0,50,0,23,N/A,N/A,N/A,N/A,28,3637
00498,36903,23,0,0,50,0,23,N/A,N/A,N/A,N/A,23,3796
00499,0,45824,0,0,0,0,45824,N/A,N/A,N/A,N/A,0,2712
00500,N/A,N/A,N/A,N/A,N/A,N/A,N/A,N/A,N/A,N/A,N/A,0,ERROR
00501,0,0,0,0,0,0,0,N/A,N/A,N/A,N/A,0,14
00502,8982,8538,2566,15,35179,10,8548,N/A,N/A,N/A,N/A,11503,68759
00503,0,948,0,0,0,0,948,N/A,N/A,N/A,N/A,0,146
00504,408,2088,536,286,1587,139,2227,N/A,N/A,N/A,N/A,117,4434
00505,39,414,0,0,9,0,414,N/A,N/A,N/A,N/A,3,129
00508,423,1030,1227,376,2516,111,1141,N/A,N/A,N/A,N/A,225,3856
00509,0,0,0,0,0,0,0,N/A,N/A,N/A,N/A,0,14
00510,0,0,0,0,0,0,0,N/A,N/A,N/A,N/A,0,13
00511,N/A,N/A,N/A,N/A,N/A,N/A,N/A,N/A,N/A,N/A,N/A,0,ERROR
00512,N/A,N/A,N/A,N/A,N/A,N/A,N/A,N/A,N/A,N/A,N/A,0,ERROR
00513,188,1135,28,0,807,0,1135,N/A,N/A,N/A,N/A,72,1252
00514,161,1150,16,0,659,0,1150,N/A,N/A,N/A,N/A,47,1196
00515,4183,8933,11499,649,30113,45,8978,N/A,N/A,N/A,N/A,3458,TIMEOUT
00516,0,26575,0,0,0,0,26575,N/A,N/A,N/A,N/A,0,1840
00517,0,36833,0,0,0,0,36833,N/A,N/A,N/A,N/A,0,2257
00518,60734,19446,0,1261,141,1208,20654,N/A,N/A,N/A,N/A,430,TIMEOUT
00519,289,333,0,0,34,0,333,N/A,N/A,N/A,N/A,6,243
00520,375,256,0,0,39,0,256,N/A,N/A,N/A,N/A,5,372
00521,32866,3642,0,0,7258,0,3642,N/A,N/A,N/A,N/A,938,9732
00522,19352,719,0,0,1005,0,719,N/A,N/A,N/A,N/A,420,3456
00523,18924,537,0,0,915,0,537,N/A,N/A,N/A,N/A,270,2936
00524,0,0,0,0,0,0,0,N/A,N/A,N/A,N/A,0,14
00525,0,0,0,0,0,0,0,N/A,N/A,N/A,N/A,0,13
00526,837,945,268,45,2486,6,951,N/A,N/A,N/A,N/A,180,3095
00527,2250,7,0,0,0,0,7,N/A,N/A,N/A,N/A,0,361
00528,0,0,0,0,0,0,0,N/A,N/A,N/A,N/A,0,13
00529,0,0,0,0,0,0,0,N/A,N/A,N/A,N/A,0,14
00530,15,35885,0,0,60,0,35885,N/A,N/A,N/A,N/A,5,2607
00531,27,38335,6,0,148,0,38335,N/A,N/A,N/A,N/A,7,2506
00532,54606,131799,37743,114,185086,35,131834,N/A,N/A,N/A,N/A,40631,TIMEOUT
00533,183356,215397,16858,0,65782,0,215397,N/A,N/A,N/A,N/A,40715,TIMEOUT
00534,N/A,N/A,N/A,N/A,N/A,N/A,N/A,N/A,N/A,N/A,N/A,40715,ERROR
00535,N/A,N/A,N/A,N/A,N/A,N/A,N/A,N/A,N/A,N/A,N/A,40715,ERROR
00536,N/A,N/A,N/A,N/A,N/A,N/A,N/A,N/A,N/A,N/A,N/A,40715,ERROR
00537,72735,181726,16867,591,71874,549,182275,N/A,N/A,N/A,N/A,31176,TIMEOUT
00538,520,495,0,344,0,0,495,N/A,N/A,N/A,N/A,0,5392
00539,N/A,N/A,N/A,N/A,N/A,N/A,N/A,N/A,N/A,N/A,N/A,0,ERROR
00540,10374,46668,752,2079,13983,1811,48479,N/A,N/A,N/A,N/A,2179,TIMEOUT
00541,65543,104612,2625,1266,6856,1173,105785,N/A,N/A,N/A,N/A,2794,TIMEOUT
00542,90,39,0,29,0,0,39,N/A,N/A,N/A,N/A,0,743
00543,81,40,0,22,0,0,40,N/A,N/A,N/A,N/A,0,670
00544,26666,11861,2627,0,89277,0,11861,N/A,N/A,N/A,N/A,36491,91367
00545,27993,10414,3382,0,102481,0,10414,N/A,N/A,N/A,N/A,46419,100221
00546,9004,2914,98,0,14118,0,2914,N/A,N/A,N/A,N/A,2602,13757
00547,8815,2931,69,0,13959,0,2931,N/A,N/A,N/A,N/A,2364,11072
00548,405,15922,0,0,1934,0,15922,N/A,N/A,N/A,N/A,89,2844
00549,0,1620,0,0,0,0,1620,N/A,N/A,N/A,N/A,0,190
00550,14,2990,3,0,50,0,2990,N/A,N/A,N/A,N/A,4,415
00551,0,0,0,0,0,0,0,N/A,N/A,N/A,N/A,0,13
00552,0,0,0,0,0,0,0,N/A,N/A,N/A,N/A,0,13
00553,454414,338900,2441,744,19175,318,339218,N/A,N/A,N/A,N/A,55532,TIMEOUT
00554,N/A,N/A,N/A,N/A,N/A,N/A,N/A,N/A,N/A,N/A,N/A,55532,ERROR
00555,1073,3454,145,763,626,303,3757,N/A,N/A,N/A,N/A,124,15223
00556,5433,5529,20826,6679,26333,1112,6641,N/A,N/A,N/A,N/A,2229,TIMEOUT
00558,0,0,0,0,0,0,0,N/A,N/A,N/A,N/A,0,13
00559,0,0,0,0,0,0,0,N/A,N/A,N/A,N/A,0,14
00560,46,462,282,204,634,43,505,N/A,N/A,N/A,N/A,37,1575
00561,752,2336,8189,7231,7739,1610,3946,N/A,N/A,N/A,N/A,2180,TIMEOUT
00562,261,2366,2,0,555,0,2366,N/A,N/A,N/A,N/A,29,894
00563,307,3569,24,0,874,0,3569,N/A,N/A,N/A,N/A,50,1424
00564,0,0,0,0,0,0,0,N/A,N/A,N/A,N/A,0,13
00565,0,0,0,0,0,0,0,N/A,N/A,N/A,N/A,0,13
00566,11822,170747,218104,1650,306670,586,171333,N/A,N/A,N/A,N/A,22696,TIMEOUT
00567,0,1663,0,0,0,0,1663,N/A,N/A,N/A,N/A,0,208
00568,0,2010,0,0,0,0,2010,N/A,N/A,N/A,N/A,0,215
00569,4864,5711,289,3452,10872,3173,8884,N/A,N/A,N/A,N/A,2228,31982
00570,155,3634,20,0,413,0,3634,N/A,N/A,N/A,N/A,22,953
00571,169,4804,27,0,700,0,4804,N/A,N/A,N/A,N/A,40,1216
00572,95866,202203,58547,1328,229242,1236,203439,N/A,N/A,N/A,N/A,69666,TIMEOUT
00573,224448,338951,45777,0,164658,0,338951,N/A,N/A,N/A,N/A,106631,TIMEOUT
00574,N/A,N/A,N/A,N/A,N/A,N/A,N/A,N/A,N/A,N/A,N/A,106631,ERROR
00575,2379,1571,0,6476,326,5427,6998,N/A,N/A,N/A,N/A,1936,77512
00576,265,198,122,50,822,42,240,N/A,N/A,N/A,N/A,60,1027
00577,65,16,0,0,15,0,16,N/A,N/A,N/A,N/A,4,100
00578,2673,2248,63,0,3819,0,2248,N/A,N/A,N/A,N/A,510,4175
00579,N/A,N/A,N/A,N/A,N/A,N/A,N/A,N/A,N/A,N/A,N/A,510,ERROR
00580,28,901,0,0,48,0,901,N/A,N/A,N/A,N/A,4,235
00581,13,958,0,0,36,0,958,N/A,N/A,N/A,N/A,4,227
00582,N/A,N/A,N/A,N/A,N/A,N/A,N/A,N/A,N/A,N/A,N/A,4,ERROR
00583,0,0,0,0,0,0,0,N/A,N/A,N/A,N/A,0,13
00584,0,0,0,0,0,0,0,N/A,N/A,N/A,N/A,0,13
00585,0,0,0,0,0,0,0,N/A,N/A,N/A,N/A,0,14
00586,0,0,0,0,0,0,0,N/A,N/A,N/A,N/A,0,14
00587,0,0,0,0,0,0,0,N/A,N/A,N/A,N/A,0,14
00588,0,0,0,0,0,0,0,N/A,N/A,N/A,N/A,0,14
00589,513,3332,0,0,1056,0,3332,N/A,N/A,N/A,N/A,70,1401
00590,N/A,N/A,N/A,N/A,N/A,N/A,N/A,N/A,N/A,N/A,N/A,70,ERROR
00591,245,8501,193,0,1221,0,8501,N/A,N/A,N/A,N/A,48,2561
00592,495,12694,806,0,4129,0,12694,N/A,N/A,N/A,N/A,128,7155
00593,762,6893,2,0,1095,0,6893,N/A,N/A,N/A,N/A,96,2170
00594,563,4795,0,0,1759,0,4795,N/A,N/A,N/A,N/A,135,2296
00595,N/A,N/A,N/A,N/A,N/A,N/A,N/A,N/A,N/A,N/A,N/A,135,ERROR
00596,1038,5283,0,0,1916,0,5283,N/A,N/A,N/A,N/A,173,3109
00597,N/A,N/A,N/A,N/A,N/A,N/A,N/A,N/A,N/A,N/A,N/A,173,ERROR
00598,8,1,0,0,0,0,1,N/A,N/A,N/A,N/A,0,43
00599,8,1,0,0,0,0,1,N/A,N/A,N/A,N/A,0,43
00600,727,4609,2,0,1846,0,4609,N/A,N/A,N/A,N/A,160,2592
00601,0,0,0,0,0,0,0,N/A,N/A,N/A,N/A,0,13
00602,0,0,0,0,0,0,0,N/A,N/A,N/A,N/A,0,14
00603,0,53,0,0,0,0,53,N/A,N/A,N/A,N/A,0,66
00604,0,193,0,0,0,0,193,N/A,N/A,N/A,N/A,0,89
00605,360,2237,226,0,1771,0,2237,N/A,N/A,N/A,N/A,113,1731
00606,383,2279,184,0,1955,0,2279,N/A,N/A,N/A,N/A,105,2407
00607,0,0,0,0,0,0,0,N/A,N/A,N/A,N/A,0,13
00608,0,0,0,0,0,0,0,N/A,N/A,N/A,N/A,0,14
00609,0,1043,0,0,0,0,1043,N/A,N/A,N/A,N/A,0,203
00610,0,232,0,0,0,0,232,N/A,N/A,N/A,N/A,0,109
00611,0,24,0,0,0,0,24,N/A,N/A,N/A,N/A,0,55
00612,0,307,0,0,0,0,307,N/A,N/A,N/A,N/A,0,103
00613,0,426,0,0,0,0,426,N/A,N/A,N/A,N/A,0,114
00614,0,24,0,0,0,0,24,N/A,N/A,N/A,N/A,0,47
00615,0,24,0,0,0,0,24,N/A,N/A,N/A,N/A,0,58
00616,0,322,0,0,0,0,322,N/A,N/A,N/A,N/A,0,107
00617,0,310,0,0,0,0,310,N/A,N/A,N/A,N/A,0,107
00618,0,216,0,0,0,0,216,N/A,N/A,N/A,N/A,0,97
00619,0,82,0,0,0,0,82,N/A,N/A,N/A,N/A,0,78
00620,0,177,0,0,0,0,177,N/A,N/A,N/A,N/A,0,93
00621,0,259,0,0,0,0,259,N/A,N/A,N/A,N/A,0,105
00622,0,174,0,0,0,0,174,N/A,N/A,N/A,N/A,0,86
00623,0,122,0,0,0,0,122,N/A,N/A,N/A,N/A,0,78
00624,803,3162,114278,1087,119210,183,3345,N/A,N/A,N/A,N/A,2217,TIMEOUT
00625,0,0,0,0,0,0,0,N/A,N/A,N/A,N/A,0,13
00626,4523,7321,1630,2150,10948,1135,8456,N/A,N/A,N/A,N/A,1467,34081
00627,2532,7494,823,167,11060,24,7518,N/A,N/A,N/A,N/A,1026,12876
00628,3556,6323,1263,2109,8139,1128,7451,N/A,N/A,N/A,N/A,977,TIMEOUT
00629,2657,7240,838,132,10133,17,7257,N/A,N/A,N/A,N/A,1061,18458
00630,3950,6338,419,1887,8601,1101,7439,N/A,N/A,N/A,N/A,2692,43283
00631,4605,7495,674,2236,9304,1361,8856,N/A,N/A,N/A,N/A,1597,56124
00632,3523,6369,618,1675,7368,991,7360,N/A,N/A,N/A,N/A,950,25475
00633,3554,7854,734,2146,13285,1270,9124,N/A,N/A,N/A,N/A,2034,30881
00634,0,0,0,0,0,0,0,N/A,N/A,N/A,N/A,0,14
00635,0,0,0,0,0,0,0,N/A,N/A,N/A,N/A,0,13
00636,N/A,N/A,N/A,N/A,N/A,N/A,N/A,N/A,N/A,N/A,N/A,0,ERROR
00637,917,644,743,191,937,89,733,N/A,N/A,N/A,N/A,56,TIMEOUT
00638,N/A,N/A,N/A,N/A,N/A,N/A,N/A,N/A,N/A,N/A,N/A,56,ERROR
00639,1581,786,3,0,879,0,786,N/A,N/A,N/A,N/A,84,1245
00640,1761,1232,84,0,1238,0,1232,N/A,N/A,N/A,N/A,171,2556
00641,0,0,0,0,0,0,0,N/A,N/A,N/A,N/A,0,13
00642,0,0,0,0,0,0,0,N/A,N/A,N/A,N/A,0,13
00643,0,1554,0,0,0,0,1554,N/A,N/A,N/A,N/A,0,191
00644,0,2148,0,0,0,0,2148,N/A,N/A,N/A,N/A,0,223
00645,9189,5442,80,0,24027,0,5442,N/A,N/A,N/A,N/A,5528,26235
00646,11446,7683,770,0,29818,0,7683,N/A,N/A,N/A,N/A,9095,27856
00647,0,126458,0,0,0,0,126458,N/A,N/A,N/A,N/A,0,6926
00648,14,780,1,0,42,0,780,N/A,N/A,N/A,N/A,3,199
00649,2831,1341,40,0,5126,0,1341,N/A,N/A,N/A,N/A,798,5144
00650,2716,1031,40,0,4806,0,1031,N/A,N/A,N/A,N/A,787,3944
00651,0,0,0,0,0,0,0,N/A,N/A,N/A,N/A,0,14
00652,0,0,0,0,0,0,0,N/A,N/A,N/A,N/A,0,14
00653,0,0,0,0,0,0,0,N/A,N/A,N/A,N/A,0,13
00654,0,0,0,0,0,0,0,N/A,N/A,N/A,N/A,0,14
00655,0,101,0,0,0,0,101,N/A,N/A,N/A,N/A,0,72
00656,0,78,0,0,0,0,78,N/A,N/A,N/A,N/A,0,58
00657,N/A,N/A,N/A,N/A,N/A,N/A,N/A,N/A,N/A,N/A,N/A,0,ERROR
00658,N/A,N/A,N/A,N/A,N/A,N/A,N/A,N/A,N/A,N/A,N/A,0,ERROR
00659,0,12343,0,0,0,0,12343,N/A,N/A,N/A,N/A,0,1171
00660,39700,48735,5415,7267,20580,6743,55478,N/A,N/A,N/A,N/A,8541,TIMEOUT
00661,0,0,0,0,0,0,0,N/A,N/A,N/A,N/A,0,13
00662,0,0,0,0,0,0,0,N/A,N/A,N/A,N/A,0,14
00663,0,0,0,0,0,0,0,N/A,N/A,N/A,N/A,0,14
00664,0,0,0,0,0,0,0,N/A,N/A,N/A,N/A,0,13
00665,2141,8878,1337,63667,4146,61719,70597,N/A,N/A,N/A,N/A,129441,217729
00666,2466,7388,652,56904,2417,55885,63273,N/A,N/A,N/A,N/A,239932,TIMEOUT
00667,5374,1870,5,0,7414,0,1870,N/A,N/A,N/A,N/A,1982,6847
00669,15673,12965,792,0,14011,0,12965,N/A,N/A,N/A,N/A,1944,22656
00670,31621,19267,9489,0,76337,0,19267,N/A,N/A,N/A,N/A,15659,81913
00671,0,215,0,0,0,0,215,N/A,N/A,N/A,N/A,0,85
00672,0,245,0,0,0,0,245,N/A,N/A,N/A,N/A,0,89
00673,514,6560,4,0,831,0,6560,N/A,N/A,N/A,N/A,53,1693
00674,0,8153,0,0,0,0,8153,N/A,N/A,N/A,N/A,0,583
00675,164064,244240,30584,16,121350,15,244255,N/A,N/A,N/A,N/A,90661,TIMEOUT
00676,N/A,N/A,N/A,N/A,N/A,N/A,N/A,N/A,N/A,N/A,N/A,90661,ERROR
00677,9209,3039,0,1878,0,1773,4812,N/A,N/A,N/A,N/A,609,TIMEOUT
00678,N/A,N/A,N/A,N/A,N/A,N/A,N/A,N/A,N/A,N/A,N/A,609,ERROR
00679,1074,1073,0,3633,0,2823,3896,N/A,N/A,N/A,N/A,668,23191
00680,34347,36358,5647,28361,41182,27928,64286,N/A,N/A,N/A,N/A,49327,TIMEOUT
00681,436,122,0,18,0,0,122,N/A,N/A,N/A,N/A,0,893
00682,111447,174501,54032,6202,221906,6126,180627,N/A,N/A,N/A,N/A,104802,TIMEOUT
00683,208,167,0,168,0,64,231,N/A,N/A,N/A,N/A,11,893
00684,N/A,N/A,N/A,N/A,N/A,N/A,N/A,N/A,N/A,N/A,N/A,11,ERROR
00685,N/A,N/A,N/A,N/A,N/A,N/A,N/A,N/A,N/A,N/A,N/A,11,ERROR
00686,171444,371698,46127,0,181622,0,371698,N/A,N/A,N/A,N/A,138278,TIMEOUT
00687,368,92,0,0,0,0,92,N/A,N/A,N/A,N/A,0,138
00688,0,0,0,0,0,0,0,N/A,N/A,N/A,N/A,0,13
00689,5110,1548,9,0,4758,0,1548,N/A,N/A,N/A,N/A,959,5538
00690,5671,3330,50,0,9459,0,3330,N/A,N/A,N/A,N/A,1280,13080
00691,0,765,0,0,0,0,765,N/A,N/A,N/A,N/A,0,136
00692,0,888,0,0,0,0,888,N/A,N/A,N/A,N/A,0,154
00693,0,0,0,0,0,0,0,N/A,N/A,N/A,N/A,0,13
00694,22928,5295,145,0,24212,0,5295,N/A,N/A,N/A,N/A,4293,26012
00695,37238,10036,490,0,37291,0,10036,N/A,N/A,N/A,N/A,7612,61758
00696,30368,5032,77,0,20188,0,5032,N/A,N/A,N/A,N/A,4373,60267
00697,41810,9978,438,0,31633,0,9978,N/A,N/A,N/A,N/A,5801,50856
00700,N/A,N/A,N/A,N/A,N/A,N/A,N/A,N/A,N/A,N/A,N/A,5801,ERROR
00701,9736,4011,38604,762,74077,201,4212,N/A,N/A,N/A,N/A,18255,TIMEOUT
00702,N/A,N/A,N/A,N/A,N/A,N/A,N/A,N/A,N/A,N/A,N/A,18255,ERROR
00703,N/A,N/A,N/A,N/A,N/A,N/A,N/A,N/A,N/A,N/A,N/A,18255,ERROR
00704,N/A,N/A,N/A,N/A,N/A,N/A,N/A,N/A,N/A,N/A,N/A,18255,ERROR
00705,4600,1471,3660,1129,12837,182,1653,N/A,N/A,N/A,N/A,2741,TIMEOUT
00706,3962,1200,42279,1509,74895,127,1327,N/A,N/A,N/A,N/A,32250,TIMEOUT
00707,N/A,N/A,N/A,N/A,N/A,N/A,N/A,N/A,N/A,N/A,N/A,32250,ERROR
00708,1186,732,58235,3174,70640,243,975,N/A,N/A,N/A,N/A,21073,TIMEOUT
00709,1666,453,38011,939,47463,22,475,N/A,N/A,N/A,N/A,12070,TIMEOUT
00710,3115,1178,28600,441,34843,118,1296,N/A,N/A,N/A,N/A,2341,TIMEOUT
00711,N/A,N/A,N/A,N/A,N/A,N/A,N/A,N/A,N/A,N/A,N/A,2341,ERROR
00712,8094,2889,30958,1797,55901,339,3228,N/A,N/A,N/A,N/A,6320,TIMEOUT
00713,N/A,N/A,N/A,N/A,N/A,N/A,N/A,N/A,N/A,N/A,N/A,6320,ERROR
00714,N/A,N/A,N/A,N/A,N/A,N/A,N/A,N/A,N/A,N/A,N/A,6320,ERROR
00715,N/A,N/A,N/A,N/A,N/A,N/A,N/A,N/A,N/A,N/A,N/A,6320,ERROR
00716,4727,2554,16199,2114,68018,316,2870,N/A,N/A,N/A,N/A,48250,TIMEOUT
00717,53,200,563,211,694,6,206,N/A,N/A,N/A,N/A,25,3836
00718,838,456,27903,1635,37320,156,612,N/A,N/A,N/A,N/A,8948,TIMEOUT
00719,N/A,N/A,N/A,N/A,N/A,N/A,N/A,N/A,N/A,N/A,N/A,8948,ERROR
00720,2491,937,92111,8587,113076,204,1141,N/A,N/A,N/A,N/A,30897,TIMEOUT
00721,N/A,N/A,N/A,N/A,N/A,N/A,N/A,N/A,N/A,N/A,N/A,30897,ERROR
00722,N/A,N/A,N/A,N/A,N/A,N/A,N/A,N/A,N/A,N/A,N/A,30897,ERROR
00723,2195,767,11231,2454,30735,165,932,N/A,N/A,N/A,N/A,10196,TIMEOUT
00724,N/A,N/A,N/A,N/A,N/A,N/A,N/A,N/A,N/A,N/A,N/A,10196,ERROR
00725,37,196,709,380,796,17,213,N/A,N/A,N/A,N/A,31,2061
00726,N/A,N/A,N/A,N/A,N/A,N/A,N/A,N/A,N/A,N/A,N/A,31,ERROR
00727,N/A,N/A,N/A,N/A,N/A,N/A,N/A,N/A,N/A,N/A,N/A,31,ERROR
00728,N/A,N/A,N/A,N/A,N/A,N/A,N/A,N/A,N/A,N/A,N/A,31,ERROR
00729,554,419,6639,737,8187,61,480,N/A,N/A,N/A,N/A,429,TIMEOUT
00730,34,168,315,140,394,1,169,N/A,N/A,N/A,N/A,13,1535
00731,N/A,N/A,N/A,N/A,N/A,N/A,N/A,N/A,N/A,N/A,N/A,13,ERROR
00732,N/A,N/A,N/A,N/A,N/A,N/A,N/A,N/A,N/A,N/A,N/A,13,ERROR
00733,N/A,N/A,N/A,N/A,N/A,N/A,N/A,N/A,N/A,N/A,N/A,13,ERROR
00734,910,372,4940,653,6022,9,381,N/A,N/A,N/A,N/A,285,TIMEOUT
00735,N/A,N/A,N/A,N/A,N/A,N/A,N/A,N/A,N/A,N/A,N/A,285,ERROR
00736,N/A,N/A,N/A,N/A,N/A,N/A,N/A,N/A,N/A,N/A,N/A,285,ERROR
00737,3040,762,14644,325,19406,15,777,N/A,N/A,N/A,N/A,1293,TIMEOUT
00738,N/A,N/A,N/A,N/A,N/A,N/A,N/A,N/A,N/A,N/A,N/A,1293,ERROR
00739,N/A,N/A,N/A,N/A,N/A,N/A,N/A,N/A,N/A,N/A,N/A,1293,ERROR
00740,N/A,N/A,N/A,N/A,N/A,N/A,N/A,N/A,N/A,N/A,N/A,1293,ERROR
00741,N/A,N/A,N/A,N/A,N/A,N/A,N/A,N/A,N/A,N/A,N/A,1293,ERROR
00742,N/A,N/A,N/A,N/A,N/A,N/A,N/A,N/A,N/A,N/A,N/A,1293,ERROR
00743,N/A,N/A,N/A,N/A,N/A,N/A,N/A,N/A,N/A,N/A,N/A,1293,ERROR
00744,3358,1428,2907,480,4441,12,1440,N/A,N/A,N/A,N/A,224,TIMEOUT
00745,4954,1369,3017,371,5882,6,1375,N/A,N/A,N/A,N/A,513,TIMEOUT
00746,4081,2092,101762,1448,192423,70,2162,N/A,N/A,N/A,N/A,362075,TIMEOUT
00747,3970,1783,68841,2040,114721,128,1911,N/A,N/A,N/A,N/A,104934,TIMEOUT
00748,N/A,N/A,N/A,N/A,N/A,N/A,N/A,N/A,N/A,N/A,N/A,104934,ERROR
00749,N/A,N/A,N/A,N/A,N/A,N/A,N/A,N/A,N/A,N/A,N/A,104934,ERROR
00750,N/A,N/A,N/A,N/A,N/A,N/A,N/A,N/A,N/A,N/A,N/A,104934,ERROR
00751,1852,885,7289,2573,69752,210,1095,N/A,N/A,N/A,N/A,79962,160213
00752,N/A,N/A,N/A,N/A,N/A,N/A,N/A,N/A,N/A,N/A,N/A,79962,ERROR
00753,N/A,N/A,N/A,N/A,N/A,N/A,N/A,N/A,N/A,N/A,N/A,79962,ERROR
00754,N/A,N/A,N/A,N/A,N/A,N/A,N/A,N/A,N/A,N/A,N/A,79962,ERROR
00755,N/A,N/A,N/A,N/A,N/A,N/A,N/A,N/A,N/A,N/A,N/A,79962,ERROR
00756,N/A,N/A,N/A,N/A,N/A,N/A,N/A,N/A,N/A,N/A,N/A,79962,ERROR
00758,N/A,N/A,N/A,N/A,N/A,N/A,N/A,N/A,N/A,N/A,N/A,79962,ERROR
00759,21518,15858,38091,3805,71760,372,16230,N/A,N/A,N/A,N/A,11739,TIMEOUT
00760,N/A,N/A,N/A,N/A,N/A,N/A,N/A,N/A,N/A,N/A,N/A,11739,ERROR
00761,N/A,N/A,N/A,N/A,N/A,N/A,N/A,N/A,N/A,N/A,N/A,11739,ERROR
00762,N/A,N/A,N/A,N/A,N/A,N/A,N/A,N/A,N/A,N/A,N/A,11739,ERROR
00763,891,998,593,733,1073,301,1299,N/A,N/A,N/A,N/A,142,119317
00764,113474,245388,1193,1896,3932,1766,247154,N/A,N/A,N/A,N/A,3946,TIMEOUT
00765,0,56,0,0,0,0,56,N/A,N/A,N/A,N/A,0,53
00766,N/A,N/A,N/A,N/A,N/A,N/A,N/A,N/A,N/A,N/A,N/A,0,ERROR
00767,0,150,0,0,0,0,150,N/A,N/A,N/A,N/A,0,85
00768,N/A,N/A,N/A,N/A,N/A,N/A,N/A,N/A,N/A,N/A,N/A,0,ERROR
00769,11795,9077,1205,0,38827,0,9077,N/A,N/A,N/A,N/A,14093,43943
00770,N/A,N/A,N/A,N/A,N/A,N/A,N/A,N/A,N/A,N/A,N/A,14093,ERROR
00771,0,14,0,0,0,0,14,N/A,N/A,N/A,N/A,0,45
00772,59,2294,5849,4,6918,2,2296,N/A,N/A,N/A,N/A,213,3532
00773,480,2175,21300,4726,21014,416,2591,N/A,N/A,N/A,N/A,2133,TIMEOUT
00774,431,2262,7234,2400,9014,441,2703,N/A,N/A,N/A,N/A,1108,TIMEOUT
00775,924,1517,47586,6770,48555,876,2393,N/A,N/A,N/A,N/A,7993,TIMEOUT
00776,0,167,0,0,0,0,167,N/A,N/A,N/A,N/A,0,83
00777,0,186,0,0,0,0,186,N/A,N/A,N/A,N/A,0,84
00778,406079,236806,8,2,60,2,236808,N/A,N/A,N/A,N/A,121,TIMEOUT
00779,0,730,0,0,0,0,730,N/A,N/A,N/A,N/A,0,135
00780,0,795,0,0,0,0,795,N/A,N/A,N/A,N/A,0,165
00781,906,938,1356864,4251,1358982,2863,3801,N/A,N/A,N/A,N/A,29981,TIMEOUT
00782,N/A,N/A,N/A,N/A,N/A,N/A,N/A,N/A,N/A,N/A,N/A,29981,ERROR
00783,1417,1022,511214,2729,513537,2575,3597,N/A,N/A,N/A,N/A,12108,TIMEOUT
00784,517,4675,6548,1442,7004,131,4806,N/A,N/A,N/A,N/A,443,TIMEOUT
00786,N/A,N/A,N/A,N/A,N/A,N/A,N/A,N/A,N/A,N/A,N/A,443,ERROR
00787,N/A,N/A,N/A,N/A,N/A,N/A,N/A,N/A,N/A,N/A,N/A,443,ERROR
00788,117,7690,212203,180,214320,31,7721,N/A,N/A,N/A,N/A,2036,TIMEOUT
00789,125,7978,217214,48,218582,44,8022,N/A,N/A,N/A,N/A,2293,TIMEOUT
00790,86,8635,418183,45,420071,32,8667,N/A,N/A,N/A,N/A,4067,TIMEOUT
00792,270066,169023,3339,1050,14856,794,169817,N/A,N/A,N/A,N/A,26783,TIMEOUT
00793,N/A,N/A,N/A,N/A,N/A,N/A,N/A,N/A,N/A,N/A,N/A,26783,ERROR
00795,386531,275468,546,2932,2638,2880,278345,N/A,N/A,N/A,N/A,12289,TIMEOUT
